Date,Price,Open,High,Low,Volume,ChangePct
2022-02-22,73.78,73.93,74.46,73.27,8230000.0,-0.5
2022-02-23,72.32,74.22,74.42,72.22,7840000.0,-1.98
2022-02-24,75.44,71.0,75.78,70.74,15750000.0,4.31
2022-02-25,77.16,76.12,77.24,75.22,12610000.0,2.28
2022-02-28,78.27,77.09,78.87,76.8,16350000.000000002,1.44
2022-03-01,77.44,78.07,78.83,76.54,13930000.0,-1.06
2022-03-02,77.55,77.29,77.81,76.49,6990000.0,0.14
2022-03-03,78.79,77.85,79.36,77.66,10080000.0,1.6
2022-03-04,80.21,78.93,80.45,78.48,9000000.0,1.8
2022-03-07,84.18,80.96,84.39,80.72,19950000.0,4.95
2022-03-08,81.95,84.31,85.4,81.74,14720000.0,-2.65
2022-03-09,80.32,82.38,82.48,80.11,12710000.0,-1.99
2022-03-10,80.16,79.56,80.46,78.44,9550000.0,-0.2
2022-03-11,79.3,80.3,81.09,79.24,7230000.0,-1.07
2022-03-14,79.28,79.68,80.64,78.7,7130000.0,-0.03
2022-03-15,81.98,80.2,82.25,80.1,9570000.0,3.41
2022-03-16,82.51,81.85,82.74,80.84,8260000.0,0.65
2022-03-17,82.69,82.56,83.24,82.42,6340000.0,0.22
2022-03-18,82.37,82.92,83.49,82.24,13470000.0,-0.39
2022-03-21,81.8,82.0,82.76,81.49,7180000.0,-0.69
2022-03-22,82.85,81.87,82.96,81.42,8520000.0,1.28
2022-03-23,82.57,82.48,83.1,82.01,6130000.0,-0.34
2022-03-24,83.7,82.91,83.79,82.76,5500000.0,1.37
2022-03-25,83.94,84.09,84.24,83.21,5480000.0,0.29
2022-03-28,84.43,84.05,84.72,83.68,6180000.0,0.58
2022-03-29,84.62,85.0,85.04,83.65,8950000.0,0.23
2022-03-30,85.5,85.13,85.78,84.63,6830000.0,1.04
2022-03-31,84.71,85.06,86.28,84.71,10080000.0,-0.92
2022-04-01,85.71,84.49,85.79,84.13,6450000.0,1.18
2022-04-04,85.62,85.64,85.91,84.64,6470000.0,-0.11
2022-04-05,86.33,85.86,87.45,85.72,7200000.0,0.83
2022-04-06,86.49,86.17,86.52,85.43,7620000.0,0.19
2022-04-07,87.08,86.3,87.29,85.7,7820000.0,0.68
2022-04-08,86.09,87.16,87.52,85.96,5730000.0,-1.14
2022-04-11,84.58,86.15,86.22,84.35,6750000.0,-1.75
2022-04-12,83.89,84.45,84.84,83.38,8710000.0,-0.82
2022-04-13,83.55,84.37,84.48,83.08,7860000.0,-0.41
2022-04-14,82.81,83.55,83.89,82.78,7160000.0,-0.89
2022-04-18,81.71,83.0,83.61,81.06,6280000.0,-1.33
2022-04-19,81.83,81.76,82.1,81.11,8100000.0,0.15
2022-04-20,81.51,83.03,83.03,81.32,8460000.0,-0.39
2022-04-21,76.18,80.32,81.0,75.98,17710000.0,-6.54
2022-04-22,73.95,76.17,76.37,73.88,15280000.0,-2.93
2022-04-25,74.04,74.0,74.51,71.59,15700000.0,0.12
2022-04-26,73.57,74.05,74.97,73.49,10970000.0,-0.63
2022-04-27,73.27,73.83,75.14,73.18,10990000.0,-0.41
2022-04-28,73.49,73.5,73.91,72.77,11330000.0,0.3
2022-04-29,71.02,72.88,73.45,70.88,14910000.0,-3.36
2022-05-02,69.87,71.1,71.51,68.52,14340000.0,-1.62
2022-05-03,70.76,70.0,71.53,69.57,10420000.0,1.27
2022-05-04,73.06,72.0,73.33,70.73,10860000.0,3.25
2022-05-05,71.84,72.7,72.97,71.2,10380000.0,-1.67
2022-05-06,72.47,71.26,72.86,71.09,9360000.0,0.88
2022-05-09,70.71,71.8,72.08,70.26,10440000.0,-2.43
2022-05-10,69.99,71.0,71.74,68.72,14730000.0,-1.02
2022-05-11,70.2,69.65,71.35,69.54,11130000.0,0.3
2022-05-12,68.51,69.59,70.49,67.22,15360000.0,-2.41
2022-05-13,69.8,69.43,70.19,68.53,8010000.0,1.88
2022-05-16,70.12,69.64,70.72,69.4,7340000.0,0.46
2022-05-17,72.02,70.9,72.03,70.13,8890000.0,2.71
2022-05-18,71.0,71.79,72.25,70.71,10320000.0,-1.42
2022-05-19,70.46,71.09,71.09,69.53,9590000.0,-0.76
2022-05-20,71.22,70.9,71.56,69.98,9750000.0,1.08
2022-05-23,72.55,71.81,72.59,71.46,10380000.0,1.87
2022-05-24,74.67,72.61,74.92,72.17,11130000.0,2.92
2022-05-25,74.79,75.12,75.15,73.59,11190000.0,0.16
2022-05-26,75.04,75.05,75.75,74.77,9430000.0,0.33
2022-05-27,77.43,74.49,77.45,74.17,9440000.0,3.18
2022-05-31,75.69,76.78,76.94,75.17,29710000.0,-2.25
2022-06-01,76.17,75.76,76.63,75.33,7990000.0,0.63
2022-06-02,78.52,76.45,78.65,76.0,9640000.0,3.09
2022-06-03,78.69,78.09,78.94,77.8,9290000.0,0.22
2022-06-06,80.19,81.19,81.49,80.07,12720000.0,1.91
2022-06-07,79.78,79.76,80.18,78.28,7410000.0,-0.51
2022-06-08,78.49,78.98,79.58,78.24,5200000.0,-1.62
2022-06-09,77.34,78.24,78.86,77.3,8350000.0,-1.47
2022-06-10,75.91,76.55,76.9,75.77,8600000.0,-1.85
2022-06-13,72.41,74.58,74.76,71.96,11880000.0,-4.61
2022-06-14,71.48,72.31,73.12,70.26,11410000.0,-1.28
2022-06-15,74.19,72.46,75.55,72.21,12090000.0,3.79
2022-06-16,70.87,72.71,73.08,70.12,12730000.0,-4.47
2022-06-17,70.81,70.64,72.75,70.64,15920000.0,-0.08
2022-06-21,72.73,70.8,73.4,70.8,8470000.0,2.71
2022-06-22,74.69,72.2,75.55,71.85,12690000.0,2.69
2022-06-23,77.2,75.54,77.4,75.32,12500000.0,3.36
2022-06-24,78.02,77.33,78.13,76.63,9320000.0,1.06
2022-06-27,77.89,77.73,78.18,77.36,6560000.0,-0.17
2022-06-28,76.44,77.91,78.33,76.23,6140000.0,-1.86
2022-06-29,76.0,76.1,76.54,75.26,7080000.0,-0.58
2022-06-30,77.46,75.46,78.24,75.32,8870000.0,1.92
2022-07-01,80.56,78.33,80.64,78.09,7720000.0,4.0
2022-07-05,79.11,80.5,80.72,77.56,11280000.0,-1.8
2022-07-06,79.57,79.7,80.2,78.6,7920000.0,0.58
2022-07-07,80.38,79.83,80.57,79.81,5500000.0,1.02
2022-07-08,80.25,79.7,80.43,79.41,5710000.0,-0.16
2022-07-11,80.68,80.0,80.98,79.71,6100000.0,0.54
2022-07-12,79.95,80.55,80.9,79.52,7550000.0,-0.9
2022-07-13,80.26,79.38,81.3,79.07,7550000.0,0.39
2022-07-14,80.13,78.71,80.35,78.52,6120000.0,-0.16
2022-07-15,78.71,78.25,78.85,76.33,8780000.0,-1.77
2022-07-18,77.51,78.33,78.66,77.5,6610000.0,-1.52
2022-07-19,78.93,78.13,79.33,77.92,6400000.0,1.83
2022-07-20,78.32,79.16,79.4,77.86,6320000.0,-0.77
2022-07-21,78.87,78.72,78.96,78.13,7850000.0,0.7
2022-07-22,80.25,80.13,81.8,79.26,11520000.0,1.75
2022-07-25,80.98,80.0,81.04,79.48,5040000.0,0.91
2022-07-26,79.91,80.54,80.62,79.18,6740000.0,-1.32
2022-07-27,80.38,80.03,80.78,79.55,6060000.0,0.59
2022-07-28,84.54,84.81,86.27,84.29,13560000.0,5.18
2022-07-29,84.49,84.5,85.41,84.31,11470000.0,-0.06
2022-08-01,85.31,84.45,85.42,83.56,7000000.0,0.97
2022-08-02,85.67,85.44,86.77,85.2,7660000.0,0.42
2022-08-03,86.46,85.77,86.82,84.36,7640000.0,0.92
2022-08-04,87.98,86.96,88.65,86.45,8680000.0,1.76
2022-08-05,87.98,87.88,88.49,86.94,8640000.0,0.0
2022-08-08,87.52,88.46,88.96,86.78,7240000.0,-0.52
2022-08-09,88.92,88.22,89.11,87.78,5150000.0,1.6
2022-08-10,89.78,89.66,90.08,88.84,5690000.0,0.97
2022-08-11,89.43,90.31,91.03,89.29,7530000.0,-0.39
2022-08-12,90.47,90.18,90.65,89.33,5260000.0,1.16
2022-08-15,91.0,90.48,91.2,90.14,5030000.0,0.59
2022-08-16,90.53,90.54,91.35,90.32,5250000.0,-0.52
2022-08-17,90.2,89.97,90.67,89.74,4180000.0,-0.36
2022-08-18,90.24,90.2,90.63,89.87,5090000.0,0.04
2022-08-19,89.71,90.11,90.59,89.36,5540000.0,-0.59
2022-08-22,88.54,88.93,89.53,88.23,5780000.0,-1.3
2022-08-23,87.98,88.61,88.65,87.63,3470000.0,-0.63
2022-08-24,88.71,88.15,88.78,87.96,5670000.0,0.83
2022-08-25,89.39,89.01,89.46,88.06,5600000.0,0.77
2022-08-26,88.06,89.99,90.56,87.74,7990000.0,-1.49
2022-08-29,87.02,86.98,87.85,86.41,5830000.0,-1.18
2022-08-30,85.7,87.2,87.33,85.21,7390000.0,-1.52
2022-08-31,85.06,85.7,86.27,84.8,6830000.0,-0.75
2022-09-01,86.26,85.33,86.46,84.71,5900000.0,1.41
2022-09-02,85.11,86.45,87.23,84.77,5790000.0,-1.33
2022-09-06,87.37,87.24,88.27,87.02,11080000.0,2.66
2022-09-07,90.24,87.71,90.42,87.61,11370000.0,3.28
2022-09-08,90.27,89.73,91.06,89.63,8850000.0,0.03
2022-09-09,89.9,90.81,90.98,89.83,5700000.0,-0.41
2022-09-12,90.81,90.18,90.85,89.78,5570000.0,1.01
2022-09-13,88.86,90.05,90.47,88.45,5620000.0,-2.15
2022-09-14,88.88,88.36,89.37,88.06,7280000.0,0.02
2022-09-15,86.01,85.44,86.8,84.82,18680000.0,-3.23
2022-09-16,84.79,85.41,85.99,84.5,19190000.0,-1.42
2022-09-19,86.84,84.72,86.9,84.54,8820000.0,2.42
2022-09-20,85.69,85.99,86.45,84.93,6240000.0,-1.32
2022-09-21,83.97,86.0,86.44,83.95,6710000.0,-2.01
2022-09-22,83.54,83.8,84.19,83.03,6750000.0,-0.51
2022-09-23,82.52,82.5,82.67,81.34,6720000.0,-1.22
2022-09-26,81.15,82.47,82.78,80.32,7700000.0,-1.66
2022-09-27,81.08,82.02,82.62,80.11,9250000.0,-0.09
2022-09-28,82.37,82.29,83.03,81.25,8710000.0,1.59
2022-09-29,79.97,82.17,82.35,79.46,8289999.999999999,-2.91
2022-09-30,78.41,80.3,80.6,78.29,12850000.0,-1.95
2022-10-03,81.19,79.83,81.63,79.22,8119999.999999999,3.55
2022-10-04,82.82,81.98,82.89,81.56,8189999.999999999,2.01
2022-10-05,81.77,81.75,82.48,80.52,5470000.0,-1.27
2022-10-06,78.91,81.63,81.73,78.85,8369999.999999999,-3.5
2022-10-07,76.73,78.56,78.64,76.19,7700000.0,-2.76
2022-10-10,76.74,77.03,77.68,76.4,6120000.0,0.01
2022-10-11,76.03,76.25,76.93,75.22,9140000.0,-0.93
2022-10-12,72.75,75.81,76.36,72.62,9720000.0,-4.31
2022-10-13,73.09,71.59,73.57,70.39,13640000.0,0.47
2022-10-14,71.77,73.79,74.84,71.44,8740000.0,-1.81
2022-10-17,73.65,72.8,74.42,72.75,7560000.0,2.62
2022-10-18,75.06,75.55,75.94,74.11,7000000.0,1.91
2022-10-19,73.64,74.24,74.47,72.52,8580000.0,-1.89
2022-10-20,70.64,73.36,73.48,69.81,13020000.0,-4.07
2022-10-21,71.65,71.08,73.0,70.3,11160000.0,1.43
2022-10-24,73.28,72.49,73.69,71.96,9990000.0,2.27
2022-10-25,75.86,73.75,76.09,73.6,9220000.0,3.52
2022-10-26,75.6,75.86,76.53,75.3,6250000.0,-0.34
2022-10-27,75.47,76.05,76.93,75.46,7160000.0,-0.17
2022-10-28,79.03,76.75,79.3,76.65,9120000.0,4.72
2022-10-31,77.5,78.45,79.27,76.76,8270000.0,-1.94
2022-11-01,77.71,78.19,78.19,77.17,5410000.0,0.27
2022-11-02,77.28,77.7,79.82,77.02,7120000.0,-0.55
2022-11-03,78.18,76.74,79.18,76.36,6920000.0,1.16
2022-11-04,78.8,78.6,79.18,77.42,7760000.0,0.79
2022-11-07,77.29,78.73,79.12,76.29,7010000.0,-1.92
2022-11-08,78.27,77.67,79.14,77.16,5520000.0,1.27
2022-11-09,78.2,78.6,79.11,78.0,4940000.0,-0.09
2022-11-10,83.2,81.31,83.77,79.95,9320000.0,6.39
2022-11-11,83.31,83.27,83.85,81.98,5730000.0,0.13
2022-11-14,81.66,83.09,83.78,81.61,7900000.0,-1.98
2022-11-15,82.91,82.52,83.82,82.04,5590000.0,1.53
2022-11-16,84.32,83.06,84.75,83.06,8440000.0,1.7
2022-11-17,82.35,83.26,83.35,81.87,8330000.0,-2.34
2022-11-18,83.2,83.26,83.79,82.57,6660000.0,1.03
2022-11-21,83.6,82.62,83.75,82.62,6590000.0,0.48
2022-11-22,84.11,84.06,84.91,83.71,4110000.000000001,0.61
2022-11-23,84.92,83.54,85.0,83.44,4260000.0,0.96
2022-11-25,85.34,85.27,85.8,85.13,3620000.0,0.49
2022-11-28,83.73,84.33,85.01,83.34,6460000.0,-1.89
2022-11-29,82.49,82.91,83.13,81.97,5400000.0,-1.48
2022-11-30,84.7,82.09,84.9,82.06,9740000.0,2.68
2022-12-01,84.83,85.4,85.97,83.99,5830000.0,0.15
2022-12-02,85.2,83.73,85.21,83.4,6320000.0,0.44
2022-12-05,85.15,85.0,86.03,84.77,5510000.0,-0.06
2022-12-06,85.18,84.91,85.25,83.71,5030000.0,0.04
2022-12-07,85.29,85.16,86.35,84.61,5110000.0,0.13
2022-12-08,85.76,85.27,86.4,84.9,4280000.0,0.55
2022-12-09,84.51,85.56,86.0,84.42,4460000.0,-1.46
2022-12-12,86.55,85.12,86.6,84.8,5350000.0,2.41
2022-12-13,87.15,88.0,88.37,86.0,7180000.0,0.69
2022-12-14,87.05,87.46,88.61,86.34,6110000.0,-0.11
2022-12-15,85.81,86.9,87.05,85.48,6470000.0,-1.42
2022-12-16,84.14,84.6,84.86,83.27,16950000.0,-1.95
2022-12-19,83.52,83.98,84.28,82.96,5680000.0,-0.74
2022-12-20,83.52,83.4,84.04,82.75,4810000.0,0.0
2022-12-21,84.65,83.85,84.95,83.65,5360000.0,1.35
2022-12-22,83.34,84.54,84.54,82.16,4490000.0,-1.55
2022-12-23,84.17,83.0,84.27,83.0,3250000.0,1.0
2022-12-27,84.0,84.1,84.28,83.47,4730000.0,-0.2
2022-12-28,83.16,84.2,84.54,82.97,3540000.0,-1.0
2022-12-29,84.08,83.73,84.69,83.49,3380000.0,1.11
2022-12-30,83.6,83.95,84.02,82.47,4270000.0,-0.57
2023-01-03,83.83,84.37,84.9,82.54,5540000.0,0.28
2023-01-04,84.49,84.36,85.46,83.83,4830000.0,0.79
2023-01-05,82.63,83.61,84.01,82.14,5470000.0,-2.2
2023-01-06,83.65,83.56,84.37,82.82,5240000.0,1.23
2023-01-09,84.07,83.64,84.93,83.49,4750000.0,0.5
2023-01-10,84.54,84.07,84.6,83.37,4920000.0,0.56
2023-01-11,85.0,84.47,85.36,84.22,6150000.0,0.54
2023-01-12,85.07,85.1,85.67,84.39,4650000.0,0.08
2023-01-13,84.68,84.44,84.97,83.75,4940000.0,-0.46
2023-01-17,85.74,85.19,86.47,85.18,8410000.0,1.25
2023-01-18,83.8,85.93,86.04,83.73,6110000.0,-2.26
2023-01-19,82.59,84.06,84.34,82.29,7100000.0,-1.44
2023-01-20,81.82,82.51,82.54,80.5,9430000.0,-0.93
2023-01-23,82.67,81.38,83.22,80.9,6860000.0,1.04
2023-01-24,83.9,82.79,84.2,80.28,6650000.0,1.49
2023-01-25,76.59,80.53,80.99,75.9,28530000.0,-8.71
2023-01-26,76.4,75.1,77.45,74.8,18510000.0,-0.25
2023-01-27,75.58,76.07,76.4,75.51,13240000.0,-1.07
2023-01-30,75.05,75.36,76.35,74.89,10670000.0,-0.7
2023-01-31,74.63,74.54,74.83,73.35,19020000.0,-0.56
2023-02-01,74.24,74.62,75.04,73.34,15190000.0,-0.52
2023-02-02,75.6,73.57,76.84,73.21,18600000.0,1.83
2023-02-03,74.67,75.25,75.44,73.67,11670000.0,-1.23
2023-02-06,75.51,74.6,75.57,74.45,9340000.0,1.12
2023-02-07,76.08,75.37,76.58,74.75,10860000.0,0.75
2023-02-08,75.03,75.98,76.15,74.86,9080000.0,-1.38
2023-02-09,73.27,75.2,75.94,73.12,13160000.0,-2.35
2023-02-10,74.74,73.42,75.25,73.42,9880000.0,2.01
2023-02-13,75.62,75.34,76.01,75.16,8109999.999999999,1.18
2023-02-14,76.03,75.29,76.33,74.8,7090000.0,0.54
2023-02-15,76.94,75.65,77.09,75.65,9350000.0,1.2
2023-02-16,75.69,75.8,76.52,75.66,7800000.0,-1.62
2023-02-17,76.07,75.7,76.48,75.38,9440000.0,0.5
2023-02-21,73.66,75.44,75.53,73.61,11920000.0,-3.17
2023-02-22,73.68,73.98,74.74,73.44,9350000.0,0.03
2023-02-23,72.87,74.37,74.37,72.65,9050000.0,-1.1
2023-02-24,72.92,72.12,73.33,71.8,9130000.0,0.07
2023-02-27,71.86,72.97,73.67,71.68,7030000.0,-1.45
2023-02-28,71.03,71.7,71.85,70.8,11280000.0,-1.16
2023-03-01,69.87,70.86,71.04,69.64,11810000.0,-1.63
2023-03-02,72.21,70.36,72.22,70.12,16070000.0,3.35
2023-03-03,73.83,72.89,73.87,72.18,10720000.0,2.24
2023-03-06,74.4,73.54,74.6,73.41,6890000.0,0.77
2023-03-07,73.75,73.94,74.49,73.02,7310000.0,-0.87
2023-03-08,74.25,73.38,74.38,73.04,5910000.0,0.68
2023-03-09,73.76,74.5,74.99,73.39,7680000.0,-0.66
2023-03-10,73.01,73.99,74.27,72.37,10170000.0,-1.02
2023-03-13,73.29,73.06,75.18,73.0,8390000.0,0.38
2023-03-14,74.55,73.99,74.85,73.43,8640000.0,1.72
2023-03-15,75.52,74.45,75.85,73.93,12030000.0,1.3
2023-03-16,76.23,75.66,76.51,74.83,8900000.0,0.94
2023-03-17,75.67,76.29,76.29,74.74,14140000.0,-0.73
2023-03-20,75.97,75.6,77.0,75.31,7140000.0,0.4
2023-03-21,75.36,76.35,76.35,74.27,6220000.0,-0.8
2023-03-22,74.13,75.31,75.98,74.09,7040000.0,-1.63
2023-03-23,73.81,73.77,75.72,73.37,7540000.0,-0.43
2023-03-24,75.69,73.99,75.75,73.71,5290000.0,2.55
2023-03-27,75.44,75.87,76.06,74.95,5520000.0,-0.33
2023-03-28,75.24,75.5,76.25,74.82,5940000.0,-0.27
2023-03-29,76.11,75.47,76.31,75.47,5680000.0,1.16
2023-03-30,76.59,76.36,77.02,76.17,6190000.0,0.63
2023-03-31,77.08,76.76,77.12,75.98,10120000.0,0.64
2023-04-03,76.67,77.05,77.05,75.8,5780000.0,-0.53
2023-04-04,77.16,76.85,77.68,76.43,6170000.0,0.64
2023-04-05,78.33,77.9,78.95,77.74,8199999.999999999,1.52
2023-04-06,78.97,78.8,79.0,77.96,5430000.0,0.82
2023-04-10,78.43,78.35,78.5,77.31,5650000.0,-0.68
2023-04-11,78.34,78.39,78.61,77.9,6020000.0,-0.11
2023-04-12,78.59,78.69,79.44,78.25,6790000.0,0.32
2023-04-13,78.85,78.42,79.11,77.48,4930000.0,0.33
2023-04-14,78.02,78.39,78.47,77.56,4920000.0,-1.05
2023-04-17,78.54,78.18,78.55,77.79,4390000.0,0.67
2023-04-18,78.3,78.73,79.07,77.94,8150000.0,-0.31
2023-04-19,78.94,78.31,79.17,78.29,3810000.0,0.82
2023-04-20,78.75,78.72,79.1,78.23,4350000.0,-0.24
2023-04-21,78.99,79.44,79.78,78.56,5190000.0,0.3
2023-04-24,79.04,78.51,79.25,78.5,5730000.0,0.06
2023-04-25,77.82,77.73,79.1,77.5,8400000.0,-1.54
2023-04-26,74.07,76.78,76.95,74.03,12660000.0,-4.82
2023-04-27,75.85,74.31,76.52,73.91,8160000.0,2.4
2023-04-28,76.63,75.41,76.7,75.41,10010000.0,1.03
2023-05-01,76.8,76.47,77.38,76.36,5210000.0,0.22
2023-05-02,75.94,76.66,77.02,75.51,7670000.0,-1.12
2023-05-03,75.39,76.26,76.56,75.27,6270000.0,-0.72
2023-05-04,75.51,75.38,75.67,74.56,6040000.0,0.16
2023-05-05,75.51,75.61,76.57,75.18,6220000.0,0.0
2023-05-08,76.06,75.53,76.68,75.28,6750000.0,0.73
2023-05-09,75.58,76.22,76.22,75.19,5590000.0,-0.63
2023-05-10,76.89,76.13,77.16,75.94,5700000.0,1.73
2023-05-11,76.1,76.59,76.84,75.54,6540000.0,-1.03
2023-05-12,77.96,76.89,77.99,76.57,8320000.0,2.44
2023-05-15,77.54,78.47,78.53,76.82,5430000.0,-0.54
2023-05-16,75.84,77.5,77.5,75.69,6220000.0,-2.19
2023-05-17,75.34,76.17,76.28,75.18,5410000.0,-0.66
2023-05-18,75.1,74.75,75.25,74.21,6970000.0,-0.32
2023-05-19,74.48,75.55,75.78,74.47,6340000.0,-0.83
2023-05-22,74.58,74.91,75.17,74.47,4270000.0,0.13
2023-05-23,74.16,74.1,75.2,73.91,8750000.0,-0.56
2023-05-24,74.24,74.15,74.42,73.66,6880000.0,0.11
2023-05-25,73.39,74.18,74.18,72.47,7720000.0,-1.14
2023-05-26,73.92,73.13,74.56,72.6,7170000.0,0.72
2023-05-30,72.69,74.35,74.75,72.55,6870000.0,-1.66
2023-05-31,73.46,72.64,73.77,71.88,11110000.0,1.06
2023-06-01,72.96,73.05,73.43,72.46,6740000.0,-0.68
2023-06-02,73.85,73.04,74.2,72.52,7180000.0,1.22
2023-06-05,73.59,74.15,74.89,73.33,5570000.0,-0.35
2023-06-06,73.38,73.78,74.15,73.36,5650000.0,-0.29
2023-06-07,74.17,73.64,74.5,73.28,6490000.0,1.08
2023-06-08,74.9,74.48,75.12,74.07,9990000.0,0.98
2023-06-09,74.07,74.86,75.2,74.0,6010000.0,-1.11
2023-06-12,73.98,74.41,74.47,73.68,7560000.0,-0.12
2023-06-13,74.35,73.9,74.69,73.75,8580000.0,0.5
2023-06-14,73.4,74.9,74.95,73.29,8890000.0,-1.28
2023-06-15,74.36,73.74,74.52,73.41,10100000.0,1.31
2023-06-16,75.59,74.75,76.42,74.72,23050000.0,1.65
2023-06-20,74.76,75.63,76.17,74.5,7800000.0,-1.1
2023-06-21,75.78,74.45,76.03,73.72,7180000.0,1.36
2023-06-22,75.13,76.07,76.39,75.0,6980000.0,-0.86
2023-06-23,74.17,75.29,75.99,74.0,9080000.0,-1.28
2023-06-26,74.29,74.09,74.79,73.81,5670000.0,0.16
2023-06-27,73.91,74.56,74.8,73.21,5980000.0,-0.51
2023-06-28,73.44,73.95,74.21,73.22,8740000.0,-0.64
2023-06-29,72.81,72.68,73.6,72.51,7190000.0,-0.86
2023-06-30,74.2,72.94,74.31,72.78,9260000.0,1.91
2023-07-03,74.38,73.87,74.47,73.5,2480000.0,0.24
2023-07-05,74.95,73.98,75.59,73.92,8450000.0,0.77
2023-07-06,73.02,74.29,74.29,73.0,7270000.0,-2.58
2023-07-07,72.05,72.53,72.72,71.89,7510000.0,-1.33
2023-07-10,71.71,71.8,72.49,71.1,7700000.0,-0.47
2023-07-11,72.19,71.64,72.23,70.85,6620000.0,0.67
2023-07-12,73.47,72.54,73.57,72.19,9710000.0,1.77
2023-07-13,73.71,73.52,73.93,73.38,6060000.0,0.33
2023-07-14,73.2,73.48,73.75,72.79,6460000.0,-0.69
2023-07-17,72.66,72.96,73.42,72.45,5150000.0,-0.74
2023-07-18,72.05,72.77,73.08,71.3,7240000.0,-0.84
2023-07-19,72.1,72.36,72.93,72.04,7460000.0,0.07
2023-07-20,74.1,72.1,74.13,71.64,9220000.0,2.77
2023-07-21,75.9,74.42,76.27,74.3,11880000.0,2.43
2023-07-24,75.5,75.88,76.67,75.37,8610000.0,-0.53
2023-07-25,75.44,75.76,75.94,74.62,8850000.0,-0.08
2023-07-26,74.37,74.89,76.19,73.88,7240000.0,-1.42
2023-07-27,73.27,73.94,74.89,73.19,10190000.0,-1.48
2023-07-28,72.85,73.75,74.38,72.48,6230000.0,-0.57
2023-07-31,73.3,73.4,74.47,73.04,10880000.0,0.62
2023-08-01,72.17,73.32,73.81,72.09,6730000.0,-1.54
2023-08-02,71.91,71.5,72.35,71.46,6590000.0,-0.36
2023-08-03,70.1,71.2,71.5,70.06,9080000.0,-2.52
2023-08-04,69.17,70.55,70.69,69.01,9140000.0,-1.33
2023-08-07,68.64,69.5,69.72,68.61,8400000.0,-0.77
2023-08-08,68.71,68.34,68.95,67.91,8890000.0,0.1
2023-08-09,68.92,68.79,69.58,68.51,7450000.0,0.31
2023-08-10,68.29,69.3,69.66,68.15,7960000.0,-0.91
2023-08-11,68.92,68.3,68.94,68.16,6520000.0,0.92
2023-08-14,68.56,68.85,68.93,68.3,8020000.0,-0.52
2023-08-15,67.35,68.15,68.23,67.17,7700000.0,-1.76
2023-08-16,67.56,67.72,67.95,67.31,6430000.0,0.31
2023-08-17,67.51,67.34,68.15,67.29,6680000.0,-0.07
2023-08-18,67.83,67.34,68.06,67.33,6290000.0,0.47
2023-08-21,67.08,67.75,67.8,66.67,6860000.0,-1.11
2023-08-22,67.52,67.11,67.82,66.76,7370000.0,0.66
2023-08-23,67.89,68.07,68.14,67.3,7720000.0,0.55
2023-08-24,67.22,67.89,68.41,67.08,9240000.0,-0.99
2023-08-25,67.96,67.3,68.21,67.23,10110000.0,1.1
2023-08-28,68.02,68.25,68.6,67.98,7150000.0,0.09
2023-08-29,67.51,67.78,67.85,67.11,11210000.0,-0.75
2023-08-30,67.09,67.36,67.73,66.82,7460000.0,-0.62
2023-08-31,66.8,67.5,67.79,66.73,11800000.0,-0.43
2023-09-01,66.87,67.34,67.57,66.45,8300000.000000001,0.1
2023-09-05,66.2,66.82,67.27,65.81,10000000.0,-1.0
2023-09-06,65.69,66.03,66.41,65.36,9250000.0,-0.77
2023-09-07,66.25,66.28,66.97,65.87,9980000.0,0.85
2023-09-08,66.83,66.26,67.0,66.07,7490000.0,0.88
2023-09-11,67.53,67.0,67.89,66.95,7980000.0,1.05
2023-09-12,67.73,67.5,68.03,67.11,7170000.0,0.3
2023-09-13,68.43,67.88,68.77,67.88,8930000.0,1.03
2023-09-14,69.28,68.9,69.35,68.42,7940000.0,1.24
2023-09-15,68.64,69.34,69.89,68.6,18390000.0,-0.92
2023-09-18,68.24,68.81,68.86,67.91,7530000.0,-0.58
2023-09-19,67.59,68.05,68.16,67.35,8220000.000000001,-0.95
2023-09-20,67.35,68.07,68.14,67.24,5800000.0,-0.36
2023-09-21,66.91,67.11,67.71,66.77,9460000.0,-0.65
2023-09-22,67.7,66.5,68.39,66.35,11800000.0,1.18
2023-09-25,67.47,67.22,67.5,66.78,8660000.0,-0.34
2023-09-26,65.34,67.12,67.19,65.27,9040000.0,-3.16
2023-09-27,59.96,64.7,64.99,59.53,25610000.0,-8.23
2023-09-28,57.08,60.3,60.7,56.98,31150000.0,-4.8
2023-09-29,57.29,57.67,58.76,56.98,19050000.0,0.37
2023-10-02,52.15,56.08,56.38,50.18,54020000.0,-8.97
2023-10-03,52.78,52.07,53.11,50.49,36260000.0,1.21
2023-10-04,50.62,53.71,53.95,50.54,28470000.0,-4.09
2023-10-05,49.45,49.81,50.13,48.24,29910000.0,-2.31
2023-10-06,50.24,49.06,50.5,47.15,24720000.0,1.6
2023-10-09,49.32,49.69,50.42,48.38,20640000.0,-1.83
2023-10-10,51.58,49.68,51.62,49.52,23160000.0,4.58
2023-10-11,53.54,52.05,53.57,51.7,22400000.0,3.8
2023-10-12,53.0,53.07,53.97,52.23,27970000.0,-1.01
2023-10-13,54.49,53.53,55.25,53.5,22320000.0,2.81
2023-10-16,54.38,54.49,55.04,53.56,17090000.0,-0.2
2023-10-17,54.17,53.58,54.84,53.55,13370000.0,-0.39
2023-10-18,53.24,54.08,54.78,53.07,13590000.0,-1.72
2023-10-19,52.39,53.28,53.99,52.38,11580000.0,-1.6
2023-10-20,51.96,51.95,52.69,51.69,17800000.0,-0.82
2023-10-23,51.52,51.27,52.56,50.95,15200000.0,-0.85
2023-10-24,55.12,54.44,55.43,53.11,20060000.0,6.99
2023-10-25,56.46,55.61,56.94,54.91,19260000.0,2.43
2023-10-26,57.57,56.77,58.24,56.68,17360000.0,1.97
2023-10-27,56.24,57.36,58.02,55.93,11920000.0,-2.31
2023-10-30,57.2,56.41,57.47,55.77,11020000.0,1.71
2023-10-31,58.3,57.56,58.49,57.39,19980000.0,1.92
2023-11-01,58.43,58.1,58.79,57.18,13430000.0,0.22
2023-11-02,59.91,58.52,60.47,58.5,15080000.0,2.53
2023-11-03,59.38,61.22,61.49,59.37,13940000.0,-0.88
2023-11-06,59.04,59.4,59.88,58.86,9290000.0,-0.57
2023-11-07,58.46,59.05,59.56,58.4,9620000.0,-0.98
2023-11-08,57.5,58.17,58.17,56.78,12780000.0,-1.64
2023-11-09,54.72,57.12,57.27,54.62,17150000.0,-4.83
2023-11-10,55.14,55.0,55.37,54.51,12780000.0,0.77
2023-11-13,54.5,55.05,55.06,53.81,8950000.0,-1.16
2023-11-14,57.55,56.08,57.74,55.45,13400000.0,5.6
2023-11-15,57.0,57.48,58.73,56.98,11300000.0,-0.96
2023-11-16,56.6,57.42,57.77,56.58,11160000.0,-0.7
2023-11-17,57.37,57.01,57.38,56.49,10140000.0,1.36
2023-11-20,57.34,57.0,57.68,56.31,8410000.0,-0.05
2023-11-21,57.98,57.32,58.29,56.78,11950000.0,1.12
2023-11-22,57.47,57.98,58.31,56.99,9630000.0,-0.88
2023-11-24,57.55,57.14,57.6,56.93,4630000.0,0.14
2023-11-27,57.58,57.5,57.7,56.87,9780000.0,0.05
2023-11-28,58.16,57.56,58.58,57.26,9470000.0,1.01
2023-11-29,58.36,58.53,59.23,57.97,17020000.0,0.34
2023-11-30,58.51,58.48,58.68,57.98,15380000.0,0.26
2023-12-01,59.17,58.55,59.54,57.67,10510000.0,1.13
2023-12-04,58.67,58.59,59.53,58.58,10240000.0,-0.85
2023-12-05,58.23,58.68,58.86,57.87,12550000.0,-0.75
2023-12-06,60.2,58.62,60.26,58.62,13240000.0,3.38
2023-12-07,59.85,60.38,60.56,59.44,12230000.0,-0.58
2023-12-08,59.7,59.57,59.95,59.1,9410000.0,-0.25
2023-12-11,59.71,58.53,59.94,58.53,11010000.0,0.02
2023-12-12,59.52,59.66,59.76,58.08,9930000.0,-0.32
2023-12-13,62.51,59.6,62.6,59.33,13010000.0,5.02
2023-12-14,62.78,63.65,64.59,62.36,16810000.0,0.43
2023-12-15,61.5,62.1,62.91,61.02,28900000.0,-2.04
2023-12-18,61.0,61.6,62.1,60.85,10760000.0,-0.81
2023-12-19,61.57,61.36,61.83,60.87,11510000.0,0.93
2023-12-20,59.84,61.55,61.72,59.78,10090000.0,-2.81
2023-12-21,59.6,60.13,60.65,59.06,12600000.0,-0.4
2023-12-22,59.75,59.96,60.87,59.67,9800000.0,0.25
2023-12-26,60.21,59.68,60.56,59.62,6790000.0,0.77
2023-12-27,60.58,59.91,60.67,59.65,6790000.0,0.61
2023-12-28,61.02,60.12,61.1,60.12,5980000.0,0.73
2023-12-29,60.74,60.8,61.06,60.26,6810000.0,-0.46
2024-01-02,61.57,60.55,62.15,60.18,10060000.0,1.37
2024-01-03,61.99,61.11,62.12,60.46,10310000.0,0.68
2024-01-04,61.8,62.17,62.76,61.72,10570000.0,-0.31
2024-01-05,62.08,61.65,62.56,61.27,7800000.0,0.45
2024-01-08,62.92,61.78,63.06,61.59,7770000.0,1.35
2024-01-09,62.01,62.94,63.04,61.88,6920000.0,-1.45
2024-01-10,62.28,62.02,62.72,61.9,8100000.0,0.44
2024-01-11,60.72,62.0,62.19,60.6,10690000.0,-2.5
2024-01-12,61.04,61.18,61.66,60.92,7800000.0,0.53
2024-01-16,60.35,60.66,61.2,60.21,11630000.0,-1.13
2024-01-17,58.27,59.46,60.01,57.8,11540000.0,-3.45
2024-01-18,57.65,57.96,58.08,57.22,9630000.0,-1.06
2024-01-19,57.26,57.72,57.78,56.58,12760000.0,-0.68
2024-01-22,56.85,57.37,57.79,56.65,12980000.0,-0.72
2024-01-23,57.38,57.28,57.51,56.89,16079999.999999998,0.93
2024-01-24,57.01,58.1,58.41,56.75,14470000.0,-0.64
2024-01-25,57.98,58.95,59.36,57.06,15700000.0,1.7
2024-01-26,58.48,58.33,59.01,58.22,11650000.0,0.86
2024-01-29,59.57,58.47,59.79,58.21,10100000.0,1.86
2024-01-30,59.28,59.5,59.75,58.56,7810000.0,-0.49
2024-01-31,58.63,59.7,59.98,58.42,11120000.0,-1.1
2024-02-01,59.75,58.39,59.83,58.01,8690000.0,1.91
2024-02-02,58.15,58.89,59.03,57.98,14950000.0,-2.68
2024-02-05,55.97,57.37,57.43,55.88,14290000.0,-3.75
2024-02-06,56.23,56.0,56.58,55.51,10310000.0,0.46
2024-02-07,56.38,56.32,56.67,55.63,7760000.0,0.27
2024-02-08,56.29,56.42,56.42,55.38,8140000.000000001,-0.16
2024-02-09,56.58,55.98,56.63,55.72,8000000.0,0.52
2024-02-12,57.55,56.59,57.63,56.5,9620000.0,1.71
2024-02-13,55.25,56.88,57.14,54.67,12760000.0,-4.0
2024-02-14,56.01,55.39,56.06,55.09,8830000.0,1.38
2024-02-15,57.27,56.3,57.66,56.22,9880000.0,2.25
2024-02-16,57.03,56.86,57.42,56.33,9940000.0,-0.42
2024-02-20,56.61,56.74,57.31,56.05,13010000.0,-0.74
2024-02-21,57.1,57.02,57.33,56.64,9320000.0,0.87
2024-02-22,56.67,56.79,57.08,56.32,10430000.0,-0.75
2024-02-23,56.78,56.8,57.46,56.51,10560000.0,0.19
2024-02-26,55.15,55.9,55.93,54.86,12750000.0,-2.87
2024-02-27,55.56,55.44,55.99,54.79,12420000.0,0.74
2024-02-28,55.04,55.35,55.72,54.71,13240000.0,-0.94
2024-02-29,55.19,55.49,55.86,54.96,19990000.0,0.27
2024-03-01,55.21,55.26,55.62,54.28,15400000.0,0.04
2024-03-04,54.97,54.78,55.07,53.95,11670000.0,-0.43
2024-03-05,55.4,55.0,56.51,54.95,16030000.000000002,0.78
2024-03-06,55.53,55.98,56.91,55.26,11070000.0,0.23
2024-03-07,56.25,56.08,56.47,55.53,10230000.0,1.3
2024-03-08,57.81,56.72,58.16,56.31,12740000.0,2.77
2024-03-11,57.87,57.57,58.14,56.89,9680000.0,0.1
2024-03-12,57.15,57.67,58.0,56.55,9630000.0,-1.24
2024-03-13,59.54,59.0,60.37,58.95,17500000.0,4.18
2024-03-14,59.54,59.2,60.24,59.11,17000000.0,0.0
2024-03-15,60.08,59.2,60.13,58.88,32420000.0,0.91
2024-03-18,60.17,60.08,61.13,59.44,17070000.0,0.15
2024-03-19,61.27,60.38,61.38,60.26,11430000.0,1.83
2024-03-20,62.2,61.45,62.41,61.36,14560000.0,1.52
2024-03-21,61.36,62.2,63.38,61.29,18090000.0,-1.35
2024-03-22,61.78,62.22,62.49,61.72,10050000.0,0.68
2024-03-25,62.61,62.0,62.64,61.4,11420000.0,1.34
2024-03-26,61.43,62.62,62.91,61.3,13830000.0,-1.88
2024-03-27,63.79,62.16,63.85,62.02,13410000.0,3.84
2024-03-28,63.91,63.67,64.26,63.39,12830000.0,0.19
2024-04-01,63.38,63.91,64.04,62.76,13180000.0,-0.83
2024-04-02,62.88,63.27,63.34,62.36,9910000.0,-0.79
2024-04-03,62.55,62.69,62.99,61.85,10550000.0,-0.52
2024-04-04,63.73,63.35,63.97,62.97,10690000.0,1.89
2024-04-05,64.18,63.05,64.36,62.9,10280000.0,0.71
2024-04-08,64.86,64.15,64.92,63.93,8050000.000000001,1.06
2024-04-09,65.38,65.15,65.86,64.79,9190000.0,0.8
2024-04-10,64.01,63.5,64.24,63.0,10780000.0,-2.1
2024-04-11,63.94,64.63,64.79,63.31,12150000.0,-0.11
2024-04-12,63.08,64.12,64.31,62.95,9040000.0,-1.35
2024-04-15,62.75,63.53,64.33,62.3,11150000.0,-0.52
2024-04-16,61.7,62.49,62.58,61.31,11590000.0,-1.67
2024-04-17,63.79,62.24,63.92,61.92,15650000.0,3.39
2024-04-18,64.01,63.85,64.39,63.13,10130000.0,0.34
2024-04-19,64.3,64.22,64.9,63.65,13420000.0,0.45
2024-04-22,65.31,64.59,65.49,63.92,14750000.0,1.57
2024-04-23,66.2,65.24,67.17,65.1,14350000.0,1.36
2024-04-24,66.56,65.91,67.1,65.22,12150000.0,0.54
2024-04-25,66.9,66.0,67.12,65.51,11420000.0,0.51
2024-04-26,65.99,67.22,67.3,65.75,9980000.0,-1.36
2024-04-29,67.42,67.01,67.91,66.96,9910000.0,2.17
2024-04-30,66.97,66.9,67.49,66.27,10040000.0,-0.67
2024-05-01,68.61,66.87,68.86,66.74,13990000.0,2.45
2024-05-02,68.85,68.88,69.01,67.67,10820000.0,0.35
2024-05-03,70.14,69.89,70.28,69.31,12690000.0,1.87
2024-05-06,71.25,70.36,71.3,70.26,14040000.0,1.58
2024-05-07,71.95,71.69,72.04,71.31,13620000.0,0.98
2024-05-08,72.85,71.7,72.89,71.48,9910000.0,1.25
2024-05-09,74.58,73.0,74.73,72.58,16629999.999999998,2.37
2024-05-10,73.79,74.87,75.21,73.65,12050000.0,-1.06
2024-05-13,74.58,74.14,74.67,73.59,7690000.0,1.07
2024-05-14,75.42,74.94,75.61,74.66,8180000.0,1.13
2024-05-15,77.05,75.97,77.19,75.97,12470000.0,2.16
2024-05-16,76.41,77.06,77.41,76.06,10410000.0,-0.83
2024-05-17,76.09,76.35,76.55,75.54,9490000.0,-0.42
2024-05-20,75.87,75.99,76.19,75.57,7180000.0,-0.29
2024-05-21,76.95,75.87,76.96,75.45,6420000.0,1.42
2024-05-22,76.32,76.41,77.18,76.16,8770000.0,-0.82
2024-05-23,75.32,75.96,75.96,74.62,9100000.0,-1.31
2024-05-24,76.61,75.42,77.1,75.26,7600000.0,1.71
2024-05-28,77.53,76.62,78.25,76.33,11990000.0,1.2
2024-05-29,76.68,76.77,76.9,76.16,6900000.0,-1.1
2024-05-30,78.19,76.87,78.26,76.61,21760000.0,1.97
2024-05-31,80.02,78.29,80.47,78.13,16200000.0,2.34
2024-06-03,77.71,79.5,79.75,77.52,15410000.0,-2.89
2024-06-04,77.15,77.61,77.79,76.53,8480000.0,-0.72
2024-06-05,77.05,77.05,77.33,76.6,9260000.0,-0.13
2024-06-06,76.7,76.94,77.77,76.63,6550000.0,-0.45
2024-06-07,75.39,75.56,77.0,75.01,10060000.0,-1.71
2024-06-10,76.97,75.47,77.06,74.85,11220000.0,2.1
2024-06-11,72.74,75.3,75.32,71.55,22780000.0,-5.5
2024-06-12,72.26,73.79,73.95,71.4,13930000.0,-0.66
2024-06-13,73.18,72.56,73.72,72.36,10020000.0,1.27
2024-06-14,73.06,72.76,73.54,72.38,6570000.0,-0.16
2024-06-17,72.31,72.73,73.4,72.19,8450000.0,-1.03
2024-06-18,70.44,69.1,70.59,68.97,29170000.0,-2.59
2024-06-20,72.46,71.0,72.89,70.79,14860000.0,2.87
2024-06-21,72.81,73.36,73.69,72.07,19470000.0,0.48
2024-06-24,73.85,72.5,74.26,72.25,12060000.0,1.43
2024-06-25,72.98,73.57,73.74,72.39,11010000.0,-1.18
2024-06-26,73.37,72.8,73.61,71.92,11480000.0,0.53
2024-06-27,73.72,73.62,74.39,73.23,9820000.0,0.48
2024-06-28,70.81,73.21,73.31,69.86,23940000.0,-3.95
2024-07-01,69.9,71.46,71.63,69.54,11040000.0,-1.29
2024-07-02,70.47,70.0,70.6,69.38,9420000.0,0.82
2024-07-03,71.83,70.92,71.91,70.55,4490000.0,1.93
2024-07-05,72.09,72.0,72.35,71.64,7690000.0,0.36
2024-07-08,72.11,72.15,72.58,71.74,5370000.0,0.03
2024-07-09,72.12,72.06,72.99,71.68,6220000.0,0.01
2024-07-10,72.9,72.26,73.13,71.68,6740000.0,1.08
2024-07-11,74.7,73.5,75.21,73.46,12190000.0,2.47
2024-07-12,76.0,75.0,76.7,74.77,11100000.0,1.74
2024-07-15,70.97,74.17,74.4,70.76,19580000.0,-6.62
2024-07-16,71.9,71.54,72.29,70.85,10550000.0,1.31
2024-07-17,70.9,71.75,72.25,70.48,11880000.0,-1.39
2024-07-18,71.67,71.0,72.36,70.82,10210000.0,1.09
2024-07-19,72.0,71.92,72.36,71.44,7750000.0,0.46
2024-07-22,72.9,72.95,74.15,72.76,9030000.0,1.25
2024-07-23,72.11,72.43,73.01,71.9,7030000.0,-1.08
2024-07-24,75.41,72.73,75.75,72.29,17810000.0,4.58
2024-07-25,73.44,75.19,75.67,73.29,13930000.0,-2.61
2024-07-26,74.26,74.23,74.99,73.52,7080000.0,1.12
2024-07-29,74.34,74.46,74.67,73.56,5980000.0,0.11
2024-07-30,74.28,74.53,74.53,73.2,8510000.0,-0.08
2024-07-31,76.39,74.87,76.88,74.69,15620000.0,2.84
2024-08-01,78.39,76.32,78.42,75.9,11140000.0,2.62
2024-08-02,79.2,79.36,80.56,77.82,14510000.0,1.03
2024-08-05,76.68,78.55,79.0,76.49,11880000.0,-3.18
2024-08-06,76.97,76.85,78.4,76.67,9050000.0,0.38
2024-08-07,77.56,77.72,78.76,77.29,8189999.999999999,0.77
2024-08-08,77.54,77.12,78.23,76.6,6940000.0,-0.03
2024-08-09,77.46,77.5,78.03,76.35,5040000.0,-0.1
2024-08-12,77.58,77.33,77.61,76.89,5960000.0,0.15
2024-08-13,78.12,78.35,78.5,77.53,5110000.0,0.7
2024-08-14,78.01,78.0,78.58,77.1,4620000.0,-0.14
2024-08-15,77.41,77.54,77.81,77.13,5950000.0,-0.77
2024-08-16,78.57,77.52,78.79,77.24,6340000.0,1.5
2024-08-19,79.35,78.57,79.57,78.43,5620000.0,0.99
2024-08-20,78.98,79.35,79.79,78.96,5970000.0,-0.47
2024-08-21,79.64,79.17,79.99,79.13,5130000.0,0.84
2024-08-22,78.92,79.68,79.94,78.46,8010000.0,-0.9
2024-08-23,79.66,79.46,80.32,79.16,5050000.0,0.94
2024-08-26,80.64,80.0,81.07,79.96,5380000.0,1.23
2024-08-27,79.61,80.36,80.64,79.58,5090000.0,-1.28
2024-08-28,79.41,79.73,80.13,79.19,5460000.0,-0.25
2024-08-29,80.03,79.53,80.18,78.71,5180000.0,0.78
2024-08-30,80.51,79.59,80.74,79.47,6810000.0,0.6
2024-09-03,79.93,80.77,81.18,79.63,9880000.0,-0.72
2024-09-04,81.08,80.41,81.54,80.32,7520000.0,1.44
2024-09-05,80.33,81.96,82.14,80.23,8490000.0,-0.93
2024-09-06,79.98,80.86,81.19,79.81,8180000.0,-0.44
2024-09-09,81.19,80.11,81.24,79.26,6920000.0,1.51
2024-09-10,82.3,81.47,82.39,81.04,9590000.0,1.37
2024-09-11,83.43,82.7,83.57,81.73,10220000.0,1.37
2024-09-12,83.46,83.43,83.97,82.71,7860000.0,0.04
2024-09-13,84.65,83.9,84.73,83.5,6730000.0,1.43
2024-09-16,84.64,85.09,85.56,84.36,8790000.0,-0.01
2024-09-17,84.97,84.79,85.0,84.18,7420000.0,0.39
2024-09-18,84.28,84.49,84.99,83.51,9290000.0,-0.81
2024-09-19,82.29,83.63,83.8,81.46,13970000.0,-2.36
2024-09-20,82.76,82.25,83.75,82.05,26030000.0,0.57
2024-09-23,84.82,83.66,84.93,82.94,7920000.0,2.49
2024-09-24,84.29,84.2,85.27,83.92,8210000.000000001,-0.62
2024-09-25,84.62,84.61,85.21,83.85,8350000.0,0.39
2024-09-26,83.46,84.25,84.6,83.24,8460000.0,-1.37
2024-09-27,84.54,83.77,84.84,83.76,8199999.999999999,1.29
2024-09-30,84.53,84.5,84.95,84.01,13880000.0,-0.01
2024-10-01,85.27,84.11,85.75,83.82,9110000.0,0.88
2024-10-02,85.43,84.77,85.59,84.49,8400000.0,0.19
2024-10-03,85.05,85.65,86.1,84.75,7030000.0,-0.44
2024-10-04,83.85,83.49,84.08,83.01,8340000.0,-1.41
2024-10-07,80.29,83.55,83.55,80.18,11970000.0,-4.25
2024-10-08,80.5,80.78,81.81,80.49,10100000.0,0.26
2024-10-09,80.58,79.66,81.1,79.66,10100000.0,0.1
2024-10-10,80.94,81.0,82.56,80.82,7930000.0,0.45
2024-10-11,81.86,80.98,81.88,80.39,7060000.0,1.14
2024-10-14,82.91,81.9,83.19,81.61,5810000.0,1.28
2024-10-15,82.79,83.0,84.05,82.67,15830000.0,-0.14
2024-10-16,84.39,83.08,84.64,82.72,8060000.000000001,1.93
2024-10-17,83.78,84.3,84.63,83.69,6150000.0,-0.72
2024-10-18,84.38,83.92,84.41,83.55,8600000.0,0.72
2024-10-21,84.03,84.76,84.96,83.66,7050000.0,-0.41
2024-10-22,83.7,83.2,84.23,83.14,8359999.999999999,-0.39
2024-10-23,84.96,84.59,86.0,83.0,10830000.0,1.51
2024-10-24,82.81,84.0,84.54,82.5,9710000.0,-2.53
2024-10-25,81.43,82.9,83.13,81.29,6580000.0,-1.67
2024-10-28,82.87,82.04,83.84,81.61,8680000.0,1.77
2024-10-29,79.56,79.95,80.7,79.47,19230000.0,-3.99
2024-10-30,79.09,79.75,79.89,78.89,11650000.0,-0.59
2024-10-31,79.25,78.39,79.85,78.14,13030000.0,0.2
2024-11-01,77.35,79.39,79.46,76.96,14620000.0,-2.4
2024-11-04,78.37,77.35,78.82,77.1,11760000.0,1.32
2024-11-05,78.65,77.77,78.79,76.97,9050000.0,0.36
2024-11-06,74.52,74.3,74.98,72.69,28640000.0,-5.25
2024-11-07,74.62,73.61,75.09,73.57,16309999.999999998,0.13
2024-11-08,76.97,74.98,77.19,74.68,14660000.0,3.15
2024-11-11,75.91,76.98,77.15,75.74,10280000.0,-1.38
2024-11-12,74.26,75.61,75.8,73.62,12570000.0,-2.17
2024-11-13,74.24,74.63,75.04,73.92,12450000.0,-0.03
2024-11-14,75.28,73.88,76.18,73.65,13780000.0,1.4
2024-11-15,76.35,75.45,76.69,75.29,12930000.0,1.42
2024-11-18,76.39,76.3,76.67,75.31,9040000.0,0.05
2024-11-19,77.08,76.31,77.32,75.72,7940000.0,0.9
2024-11-20,76.88,77.19,77.5,76.36,7070000.0,-0.26
2024-11-21,77.36,76.79,77.51,76.36,8910000.0,0.62
2024-11-22,76.0,77.23,77.54,75.76,8170000.0,-1.76
2024-11-25,76.64,76.73,77.1,75.83,20800000.0,0.84
2024-11-26,77.49,77.0,77.78,76.47,10560000.0,1.11
2024-11-27,78.52,78.13,79.38,77.86,8690000.0,1.33
2024-11-29,78.67,78.58,78.99,78.32,6190000.0,0.19
2024-12-02,77.07,78.92,79.05,76.89,11360000.0,-2.03
2024-12-03,76.29,77.07,77.57,76.23,9810000.0,-1.01
2024-12-04,75.74,76.0,76.02,75.1,8310000.000000001,-0.72
2024-12-05,76.2,75.64,76.54,75.42,6490000.0,0.61
2024-12-06,75.24,76.19,76.5,74.92,7080000.0,-1.26
2024-12-09,74.7,75.5,75.63,74.56,9270000.0,-0.72
2024-12-10,74.14,74.5,74.52,73.35,8620000.0,-0.75
2024-12-11,73.98,74.2,74.55,73.58,7470000.0,-0.22
2024-12-12,73.22,73.84,74.08,73.09,6970000.0,-1.03
2024-12-13,73.62,73.05,73.75,72.94,7670000.0,0.55
2024-12-16,72.79,73.7,74.22,72.76,9770000.0,-1.13
2024-12-17,72.27,72.31,72.6,71.8,7720000.0,-0.71
2024-12-18,70.52,71.96,72.54,70.43,12500000.0,-2.42
2024-12-19,69.77,70.52,71.0,69.71,13730000.0,-1.06
2024-12-20,71.67,69.58,71.98,69.32,27550000.0,2.72
2024-12-23,72.49,71.34,72.53,71.25,7510000.0,1.14
2024-12-24,72.91,72.42,72.91,72.03,3000000.0,0.58
2024-12-26,72.37,72.48,72.9,72.27,4510000.0,-0.74
2024-12-27,72.11,71.9,72.43,71.68,5460000.0,-0.36
2024-12-30,71.76,71.68,71.91,70.98,8400000.0,-0.49
2024-12-31,71.69,71.86,72.41,71.4,6220000.0,-0.1
2025-01-02,71.61,72.47,72.62,71.29,5340000.0,-0.11
2025-01-03,71.99,71.92,72.68,71.59,5090000.0,0.53
2025-01-06,71.24,71.8,71.94,70.84,7030000.0,-1.04
2025-01-07,70.43,71.46,71.9,70.06,8980000.0,-1.14
2025-01-08,70.66,70.02,70.7,69.46,7930000.0,0.33
2025-01-10,67.38,69.99,70.07,67.07,16260000.000000002,-4.64
2025-01-13,66.96,67.22,67.36,65.89,17060000.0,-0.62
2025-01-14,67.98,66.98,68.01,66.88,10700000.0,1.52
2025-01-15,69.29,69.27,70.04,69.01,12420000.0,1.93
2025-01-16,71.37,68.96,71.42,68.89,11470000.0,3.0
2025-01-17,70.76,71.09,71.84,70.74,12660000.0,-0.85
2025-01-21,70.85,71.36,71.88,70.78,12150000.0,0.13
2025-01-22,68.49,70.56,70.57,68.34,14420000.0,-3.33
2025-01-23,69.23,68.85,69.35,68.27,10780000.0,1.08
2025-01-24,72.83,68.1,74.05,68.0,24590000.0,5.2
2025-01-27,73.83,73.3,73.93,70.64,19130000.0,1.37
2025-01-28,70.54,72.33,72.88,69.92,16629999.999999998,-4.46
2025-01-29,70.89,70.75,71.52,70.61,9500000.0,0.5
2025-01-30,71.3,71.99,72.0,70.79,8640000.0,0.58
2025-01-31,71.56,71.51,71.73,70.93,10710000.0,0.36
2025-02-03,71.05,70.5,71.79,70.19,9130000.0,-0.71
2025-02-04,69.9,70.25,70.85,69.62,10570000.0,-1.62
2025-02-05,69.2,70.75,70.79,69.14,9030000.0,-1.0
2025-02-06,69.27,69.4,69.62,68.26,9150000.0,0.1
2025-02-07,68.27,69.14,69.39,68.2,9320000.0,-1.44
2025-02-10,69.7,68.34,69.74,68.09,9120000.0,2.09
2025-02-11,70.33,69.41,70.38,68.71,7020000.0,0.9
2025-02-12,69.28,69.31,70.19,68.98,8570000.0,-1.49
2025-02-13,68.6,69.42,69.66,68.56,15170000.0,-0.98
2025-02-14,68.06,68.6,69.02,67.88,14180000.0,-0.79
2025-02-18,68.5,68.0,68.55,67.53,12090000.0,0.65
2025-02-19,69.06,68.54,69.51,68.41,8840000.0,0.82
2025-02-20,70.14,69.08,70.44,68.82,9340000.0,1.56
2025-02-21,71.58,70.14,71.97,70.01,16739999.999999998,2.05
2025-02-24,70.8,71.3,71.46,69.92,11970000.0,-1.09
2025-02-25,71.28,71.2,71.71,70.68,14060000.0,0.68
2025-02-26,71.01,71.19,71.64,70.51,8010000.0,-0.38
2025-02-27,69.38,70.57,70.91,69.31,9380000.0,-2.3
2025-02-28,70.17,69.59,70.22,69.28,11250000.0,1.14
2025-03-03,71.62,70.05,71.7,70.0,9490000.0,2.07
2025-03-04,70.85,71.96,73.08,70.76,17870000.0,-1.08
2025-03-05,70.48,70.53,70.89,69.39,7720000.0,-0.52
2025-03-06,70.01,70.02,70.11,69.02,7480000.0,-0.67
2025-03-07,72.83,70.18,73.12,70.06,13470000.0,4.03
2025-03-10,76.16,73.0,76.29,72.48,25260000.0,4.57
2025-03-11,74.03,75.9,76.26,73.2,14840000.0,-2.8
2025-03-12,72.92,73.0,73.38,71.78,12110000.0,-1.5
2025-03-13,72.73,73.2,73.55,72.05,11250000.0,-0.26
2025-03-14,73.55,72.78,73.68,72.33,8700000.0,1.13
2025-03-17,72.11,73.43,73.43,71.07,14950000.0,-1.96
2025-03-18,70.7,72.21,72.21,70.27,15210000.0,-1.96
2025-03-19,70.5,71.02,71.18,70.0,9460000.0,-0.28
2025-03-20,71.15,71.04,72.09,70.59,11820000.0,0.92
2025-03-21,70.88,71.02,71.96,70.17,15780000.0,-0.38
2025-03-24,70.07,70.95,71.79,69.91,12390000.0,-1.14
2025-03-25,68.59,70.48,70.48,68.42,12620000.0,-2.11
2025-03-26,69.73,68.77,69.84,68.68,9160000.0,1.66
2025-03-27,70.03,69.76,71.02,69.61,8750000.0,0.43
2025-03-28,70.45,70.43,70.97,70.17,7850000.0,0.6
2025-03-31,70.89,70.71,71.75,70.62,13350000.0,0.62
2025-04-01,70.92,71.0,71.57,70.52,8720000.0,0.04
2025-04-02,70.48,71.09,71.29,70.13,8480000.0,-0.62
2025-04-03,72.14,71.67,72.96,71.37,13650000.0,2.36
2025-04-04,66.91,72.79,73.42,66.86,20990000.0,-7.25
2025-04-07,65.06,65.5,67.26,63.93,19490000.0,-2.76
2025-04-08,64.11,66.43,66.58,63.2,14230000.0,-1.46
2025-04-09,67.58,63.38,67.79,61.72,23210000.0,5.41
2025-04-10,66.72,66.8,67.5,65.24,12800000.0,-1.27
2025-04-11,65.81,66.45,66.99,64.6,14860000.0,-1.36
2025-04-14,67.69,66.48,68.12,65.96,11590000.0,2.86
2025-04-15,67.66,67.86,68.43,67.53,7850000.0,-0.04
2025-04-16,65.64,67.95,68.04,65.3,11360000.0,-2.99
2025-04-17,66.31,66.04,67.34,65.97,11210000.0,1.02
2025-04-21,64.68,65.82,66.06,63.64,11570000.0,-2.46
2025-04-22,66.64,65.46,66.8,65.35,14350000.0,3.03
2025-04-23,67.27,67.55,69.1,66.99,19480000.0,0.95
2025-04-24,66.35,67.04,67.2,65.24,13720000.0,-1.37
2025-04-25,66.09,66.65,66.87,65.36,9640000.0,-0.39
2025-04-28,66.19,66.16,66.34,65.28,7120000.0,0.15
2025-04-29,67.25,66.05,67.39,65.72,8890000.0,1.6
2025-04-30,66.88,67.01,67.21,65.46,13760000.0,-0.55
2025-05-01,66.05,67.49,67.63,65.94,11490000.0,-1.24
2025-05-02,67.09,66.1,67.37,65.99,13330000.0,1.57
2025-05-05,66.1,67.0,67.03,65.88,7120000.0,-1.48
2025-05-06,66.54,65.81,66.89,65.35,7940000.0,0.67
2025-05-07,67.36,66.26,67.98,65.97,9960000.0,1.23
2025-05-08,68.32,67.27,69.38,66.91,13030000.0,1.43
2025-05-09,70.31,68.68,70.49,68.45,17330000.0,2.91
2025-05-12,69.69,70.9,70.99,68.7,18940000.0,-0.88
2025-05-13,72.11,70.07,72.48,69.96,22960000.0,3.47
2025-05-14,72.19,71.79,72.43,70.75,15240000.0,0.11
2025-05-15,74.55,73.0,74.83,72.45,17790000.0,3.27
2025-05-16,75.0,74.55,75.0,73.71,12830000.0,0.6
2025-05-19,73.86,74.22,74.25,73.16,14440000.0,-1.52
2025-05-20,74.41,74.0,75.21,73.83,8050000.000000001,0.74
2025-05-21,71.54,74.07,74.34,71.36,16129999.999999998,-3.86
2025-05-22,66.94,68.9,69.0,63.88,40210000.0,-6.43
2025-05-23,67.76,67.01,67.95,65.97,17160000.0,1.22
2025-05-27,68.04,67.75,68.37,67.46,10910000.0,0.41
2025-05-28,67.21,67.89,68.15,66.83,7840000.0,-1.22
2025-05-29,68.99,66.77,69.1,66.77,11570000.0,2.65
2025-05-30,70.64,68.8,70.69,68.5,18800000.0,2.39
2025-06-02,70.15,69.75,70.2,69.04,9370000.0,-0.69
2025-06-03,70.95,70.3,71.08,69.86,11010000.0,1.14
2025-06-04,69.88,71.15,71.15,69.79,10890000.0,-1.51
2025-06-05,71.5,70.3,72.0,69.75,10970000.0,2.32
2025-06-06,72.16,71.62,72.29,71.47,9290000.0,0.92
2025-06-09,71.9,72.23,72.46,71.32,7060000.0,-0.36
2025-06-10,72.81,72.3,73.06,71.93,9890000.0,1.27
2025-06-11,73.0,72.83,73.49,72.56,12000000.0,0.26
2025-06-12,73.84,73.42,74.43,73.26,11020000.0,1.15
2025-06-13,74.78,73.79,75.25,73.39,13210000.0,1.27
2025-06-16,73.78,75.2,75.3,72.56,14550000.0,-1.34
2025-06-17,71.86,73.33,73.62,70.45,12970000.0,-2.6
2025-06-18,71.57,71.97,72.44,71.38,7200000.0,-0.4
2025-06-20,71.53,71.87,72.56,71.5,15180000.0,-0.06
2025-06-23,70.73,71.79,72.32,70.13,8670000.0,-1.12
2025-06-24,71.4,71.01,71.61,70.68,9000000.0,0.95
2025-06-25,70.34,70.64,71.13,70.14,12840000.0,-1.48
2025-06-26,70.99,70.4,71.2,70.29,8010000.0,0.92
2025-06-27,70.89,71.5,71.82,70.35,14280000.0,-0.14
2025-06-30,69.42,67.82,69.68,67.2,20890000.0,-2.07
2025-07-01,73.06,69.57,73.15,67.54,23840000.0,5.24
2025-07-02,73.02,72.79,73.75,72.58,11240000.0,-0.05
2025-07-03,73.88,73.0,75.05,72.47,8560000.0,1.18
2025-07-07,74.75,73.7,74.86,73.5,11370000.0,1.18
2025-07-08,72.46,72.86,73.4,71.26,19550000.0,-3.06
2025-07-09,73.65,72.87,73.89,72.68,8820000.0,1.64
2025-07-10,74.64,73.3,74.84,73.0,6960000.0,1.34
2025-07-11,74.4,73.85,74.44,73.48,8090000.0,-0.32
2025-07-14,75.04,74.4,75.82,74.17,10420000.0,0.86
2025-07-15,74.7,75.34,75.54,74.18,8880000.0,-0.45
2025-07-16,74.77,75.06,75.31,74.26,8910000.0,0.09
2025-07-17,75.18,74.51,75.47,74.37,7170000.0,0.55
2025-07-18,75.95,75.25,76.35,74.97,7990000.0,1.02
2025-07-21,76.17,76.34,77.1,75.96,8350000.0,0.29
2025-07-22,77.54,76.35,77.6,76.35,9030000.0,1.8
2025-07-23,72.82,77.5,78.46,72.07,21220000.0,-6.09
2025-07-24,71.97,72.93,72.97,71.35,11170000.0,-1.17
2025-07-25,71.85,72.1,72.72,71.08,8070000.0,-0.17
2025-07-28,71.34,71.9,72.3,70.97,8160000.0,-0.71
2025-07-29,71.95,71.64,72.28,71.05,7590000.0,0.86
2025-07-30,70.99,71.9,72.01,70.93,6940000.0,-1.33
2025-07-31,71.06,70.41,71.22,69.68,8850000.0,0.1
2025-08-01,70.4,71.43,71.79,70.34,6630000.0,-0.93
2025-08-04,70.53,70.5,71.21,70.18,6540000.0,0.18
2025-08-05,71.18,70.86,71.93,70.65,7180000.0,0.92
2025-08-06,70.54,71.44,71.51,70.49,7720000.0,-0.9
2025-08-07,72.58,70.67,72.66,70.67,7420000.0,2.89
2025-08-08,72.41,72.66,73.0,72.23,5580000.0,-0.23
2025-08-11,72.45,72.8,73.01,71.12,8420000.0,0.06
2025-08-12,71.86,72.69,72.78,71.14,8670000.0,-0.81
2025-08-13,72.3,71.9,72.31,71.2,8119999.999999999,0.61
2025-08-14,72.24,71.8,72.51,71.35,6780000.0,-0.08
2025-08-15,75.41,72.24,76.69,71.78,23400000.0,4.39
2025-08-18,75.72,76.11,77.31,75.31,12570000.0,0.41
2025-08-19,76.51,75.8,76.57,75.45,8050000.000000001,1.04
2025-08-20,76.18,76.72,77.26,75.83,11010000.0,-0.43
2025-08-21,76.08,76.47,77.42,75.58,8640000.0,-0.13
2025-08-22,76.32,76.65,77.09,75.43,13130000.0,0.32
2025-08-25,75.32,75.81,76.2,75.11,6340000.0,-1.31
2025-08-26,74.84,75.44,75.75,74.43,7160000.0,-0.64
2025-08-27,73.89,74.91,75.01,73.4,10120000.0,-1.27
2025-08-28,72.09,73.26,73.48,71.9,10920000.0,-2.44
2025-08-29,72.05,72.4,72.83,71.82,11280000.0,-0.06
2025-09-02,72.65,72.27,72.66,71.49,8660000.0,0.83
2025-09-03,71.63,72.12,72.63,71.36,7720000.0,-1.4
2025-09-04,70.87,72.05,72.5,70.16,14600000.0,-1.06
2025-09-05,70.9,71.25,71.73,70.25,10070000.0,0.04
2025-09-08,69.77,70.83,70.84,69.24,12600000.0,-1.59
2025-09-09,70.07,69.66,70.32,69.54,7290000.0,0.43
2025-09-10,71.04,70.0,71.33,69.62,9250000.0,1.38
2025-09-11,71.32,70.97,71.44,70.51,7420000.0,0.39
2025-09-12,71.64,71.15,72.49,70.81,9350000.0,0.45
2025-09-15,71.5,71.58,72.2,71.3,10400000.0,-0.2
2025-09-16,69.83,71.29,71.54,69.76,7930000.0,-2.34
2025-09-17,70.31,70.28,71.01,70.1,10800000.0,0.69
2025-09-18,70.79,70.0,71.09,69.37,8490000.0,0.68
2025-09-19,71.08,70.98,71.4,70.37,14820000.0,0.41
2025-09-22,72.35,71.4,72.54,71.27,9860000.0,1.79
2025-09-23,72.32,72.1,72.62,71.72,7800000.0,-0.04
2025-09-24,73.83,72.19,73.88,72.05,11280000.0,2.09
2025-09-25,74.65,74.06,74.91,73.59,12920000.0,1.11
2025-09-26,75.85,74.73,75.86,74.63,8270000.0,1.61
2025-09-29,76.21,75.68,76.29,75.27,10370000.0,0.47
2025-09-30,75.49,76.46,76.7,75.12,9390000.0,-0.94
2025-10-01,78.67,76.32,78.7,76.22,15040000.0,4.21
2025-10-02,78.18,78.64,78.89,77.54,9270000.0,-0.62
2025-10-03,80.06,78.45,81.36,77.65,12120000.0,2.4
2025-10-06,82.11,80.14,82.36,80.14,15770000.0,2.56
2025-10-07,83.21,83.13,84.61,82.41,16110000.0,1.34
2025-10-08,84.04,83.7,84.39,82.87,13780000.0,1.0
2025-10-09,83.71,84.46,84.82,83.45,7490000.0,-0.39
2025-10-10,83.35,83.9,84.83,83.19,10290000.0,-0.43
2025-10-13,84.3,83.13,85.03,83.01,8420000.0,1.14
2025-10-14,84.64,84.17,84.84,83.43,8910000.0,0.4
2025-10-15,85.79,85.07,86.49,84.83,9270000.0,1.36
2025-10-16,85.05,86.22,86.74,84.97,8330000.0,-0.86
2025-10-17,84.53,85.45,85.82,84.17,9140000.0,-0.61
2025-10-20,84.77,85.19,85.34,84.31,5230000.0,0.28
2025-10-21,83.99,85.0,85.11,83.03,7280000.0,-0.92
2025-10-22,82.84,84.07,84.22,82.47,9210000.0,-1.37
2025-10-23,83.25,83.89,83.89,82.57,5630000.0,0.49
2025-10-24,84.41,83.58,84.78,83.36,6250000.0,1.39
2025-10-27,86.03,83.99,87.29,83.79,18740000.0,1.92
2025-10-28,83.57,87.52,87.53,82.91,14000000.0,-2.86
2025-10-29,81.76,83.3,83.79,81.04,11680000.0,-2.17
2025-10-30,81.64,81.82,82.58,81.44,7620000.0,-0.15
2025-10-31,81.4,81.34,82.03,80.86,9410000.0,-0.29
2025-11-03,81.78,81.3,82.1,80.6,8510000.0,0.47
2025-11-04,81.69,81.78,82.21,80.8,6470000.0,-0.11
2025-11-05,82.14,81.42,82.63,81.11,7290000.0,0.55
2025-11-06,82.0,82.12,82.96,81.99,6210000.0,-0.17
2025-11-07,83.93,81.91,84.0,81.62,9170000.0,2.35
2025-11-10,84.77,84.18,85.46,83.69,11700000.0,1.0
2025-11-11,85.76,84.69,85.83,84.55,11730000.0,1.17
2025-11-12,85.89,85.43,86.25,85.01,7600000.0,0.15
2025-11-13,83.99,85.78,85.93,83.93,11860000.0,-2.21
2025-11-14,83.88,83.51,84.49,82.53,8350000.0,-0.13
2025-11-17,85.75,83.69,85.77,83.69,11610000.0,2.23
2025-11-18,84.64,86.12,86.69,84.62,11060000.0,-1.29
2025-11-19,84.27,85.12,85.34,83.92,11140000.0,-0.44
2025-11-20,84.3,84.79,86.49,84.2,10970000.0,0.04
2025-11-21,83.48,84.18,84.67,81.64,13930000.0,-0.97
2025-11-24,84.23,83.77,84.79,83.01,13290000.0,0.9
2025-11-25,84.83,84.69,85.34,84.18,7920000.0,0.71
2025-11-26,85.54,85.25,85.69,84.69,6550000.0,0.84
2025-11-28,86.29,85.43,86.47,85.15,4120000.0,0.88
2025-12-01,84.65,85.59,85.67,84.39,7990000.0,-1.9
2025-12-02,84.58,84.91,85.28,84.25,7090000.0,-0.08
2025-12-03,84.95,84.66,85.97,84.5,9620000.0,0.44
2025-12-04,83.39,84.52,84.81,82.74,12490000.0,-1.84
2025-12-05,83.13,83.51,84.19,83.06,8189999.999999999,-0.31
2025-12-08,80.55,83.14,83.16,80.41,18140000.0,-3.1
2025-12-09,79.64,80.8,81.14,79.5,13760000.0,-1.13
2025-12-10,81.27,80.05,81.92,79.64,13340000.0,2.05
2025-12-11,81.21,81.25,82.41,81.07,9490000.0,-0.07
2025-12-12,81.65,81.84,82.27,81.32,7780000.0,0.54
2025-12-15,81.65,82.01,82.24,80.53,9490000.0,0.0
2025-12-16,81.32,81.64,81.85,80.19,6620000.0,-0.4
2025-12-17,80.29,80.97,81.31,79.65,10210000.0,-1.27
2025-12-18,80.85,80.4,81.18,80.0,9200000.0,0.7
2025-12-19,79.54,80.57,81.14,79.53,30490000.0,-1.62
2025-12-22,80.04,79.02,80.18,78.72,7140000.0,0.63
2025-12-23,79.79,80.03,80.7,79.75,7870000.0,-0.31
2025-12-24,80.45,80.14,80.47,79.69,3010000.0,0.83
2025-12-26,80.41,80.48,80.64,80.05,3640000.0,-0.05
2025-12-29,80.27,80.42,81.25,80.22,5850000.0,-0.17
2025-12-30,80.53,80.2,80.67,80.15,4080000.0,0.32
2025-12-31,80.28,80.68,80.68,80.21,5040000.0,-0.31
2026-01-02,80.93,80.45,81.02,79.58,8850000.0,0.81
2026-01-05,81.32,81.16,81.34,79.25,8300000.000000001,0.48
2026-01-06,81.05,81.25,81.59,80.5,7250000.0,-0.33
2026-01-07,78.37,80.67,80.79,78.36,9860000.0,-3.31
2026-01-08,79.49,78.45,79.96,78.38,8700000.0,1.43
2026-01-09,79.89,80.2,80.92,79.87,5840000.0,0.5
2026-01-12,81.12,79.85,81.15,79.52,11090000.0,1.54
2026-01-13,81.64,81.16,81.93,80.42,8540000.0,0.64
2026-01-14,81.98,80.94,82.63,80.94,10280000.0,0.42
2026-01-15,82.19,81.98,82.67,81.54,7420000.0,0.26
2026-01-16,83.63,83.0,84.05,82.14,12870000.0,1.75
2026-01-20,83.51,83.01,83.93,82.52,10050000.0,-0.14
2026-01-21,83.85,84.04,84.39,83.2,8300000.000000001,0.41
2026-01-22,85.07,84.58,85.51,83.67,9800000.0,1.45
2026-01-23,84.81,85.25,85.25,84.2,13300000.0,-0.31
2026-01-26,85.47,85.27,86.28,84.84,10990000.0,0.78
2026-01-27,87.15,84.5,88.96,83.79,15470000.0,1.97
2026-01-28,87.57,87.72,88.62,87.06,8199999.999999999,0.48
2026-01-29,88.18,88.58,89.19,87.64,11200000.0,0.7
2026-01-30,87.9,87.9,88.29,86.16,10210000.0,-0.32
2026-02-02,86.33,88.14,88.75,86.32,9420000.0,-1.79
2026-02-03,88.82,86.68,88.89,86.68,9600000.0,2.88
2026-02-04,89.97,89.73,90.69,88.96,12180000.0,1.29
2026-02-05,89.21,90.0,90.49,88.09,9800000.0,-0.84
2026-02-06,89.47,90.53,90.99,88.39,8230000.0,0.29
2026-02-09,89.48,89.34,89.78,88.75,6530000.0,0.01
2026-02-10,90.83,89.73,91.96,89.27,7210000.0,1.51
2026-02-11,91.36,91.36,91.59,90.46,7300000.0,0.58
2026-02-12,91.93,91.38,93.58,91.23,9180000.0,0.62
2026-02-13,93.8,91.52,94.94,91.08,10400000.0,2.03
2026-02-17,92.71,94.91,95.56,92.28,9460000.0,-1.16
2026-02-18,91.22,93.0,93.01,90.59,9060000.0,-1.61
2026-02-19,91.64,91.06,92.18,91.03,8480000.0,0.46
2026-02-20,92.18,92.19,92.45,91.31,7180000.0,0.59
2026-02-23,94.06,92.93,94.19,92.59,8430000.0,2.04
2026-02-24,95.68,94.4,95.83,93.92,11600000.0,1.72
2026-02-25,95.11,95.69,95.91,93.81,9030000.0,-0.6
2026-02-26,91.99,94.62,95.0,91.85,20020000.0,-3.28
2026-02-27,93.77,90.9,94.14,90.65,25140000.0,1.93
2026-03-02,92.71,93.4,93.65,91.75,10150000.0,-1.13
2026-03-03,92.59,91.35,93.1,90.33,11310000.0,-0.13
2026-03-04,92.6,92.56,93.1,91.63,9380000.0,0.01
2026-03-05,91.13,92.3,92.38,89.9,12090000.0,-1.59
2026-03-06,91.02,90.55,91.63,90.01,9750000.0,-0.12
2026-03-09,92.01,90.27,92.19,89.65,9560000.0,1.09
2026-03-10,91.54,91.71,92.14,91.06,7490000.0,-0.51
2026-03-11,91.66,91.54,92.46,91.1,9740000.0,0.13
2026-03-12,91.73,91.2,92.73,90.81,8730000.0,0.08
2026-03-13,92.78,92.73,93.9,92.31,7500000.0,1.14
2026-03-16,92.82,93.9,94.44,92.24,8470000.0,0.04
2026-03-17,92.53,93.58,93.71,92.27,5500000.0,-0.31
2026-03-18,90.96,92.26,92.53,90.61,7050000.0,-1.7
2026-03-19,92.41,90.65,92.46,90.3,10540000.0,1.59
2026-03-20,89.5,92.74,94.21,89.17,21860000.0,-3.15
